净值日期,单位净值,累计净值,日增长率,申购状态,赎回状态,上证涨跌,涨跌
2022-03-31,1.1734,1.1734,-4.42,开放申购,开放赎回,-0.44,-1
2022-03-30,1.2277,1.2277,1.67,开放申购,开放赎回,1.96,1
2022-03-29,1.2075,1.2075,0.45,开放申购,开放赎回,-0.33,1
2022-03-28,1.2021,1.2021,-3.23,开放申购,开放赎回,0.07,-1
2022-03-25,1.2422,1.2422,-1.19,开放申购,开放赎回,-1.17,-1
2022-03-24,1.2572,1.2572,0.53,开放申购,开放赎回,-0.63,1
2022-03-23,1.2506,1.2506,-1.05,开放申购,开放赎回,0.34,-1
2022-03-22,1.2639,1.2639,0.76,开放申购,开放赎回,0.19,1
2022-03-21,1.2544,1.2544,0.62,开放申购,开放赎回,0.08,1
2022-03-18,1.2467,1.2467,0.38,开放申购,开放赎回,1.12,1
2022-03-17,1.242,1.242,-0.24,开放申购,开放赎回,1.4,-1
2022-03-16,1.245,1.245,4.66,开放申购,开放赎回,3.48,1
2022-03-15,1.1896,1.1896,-2.29,开放申购,开放赎回,-4.95,-1
2022-03-14,1.2175,1.2175,-1.09,开放申购,开放赎回,-2.6,-1
2022-03-11,1.2309,1.2309,-0.56,开放申购,开放赎回,0.41,-1
2022-03-10,1.2378,1.2378,0.79,开放申购,开放赎回,1.22,1
2022-03-09,1.2281,1.2281,-1.75,开放申购,开放赎回,-1.13,-1
2022-03-08,1.25,1.25,-5.88,开放申购,开放赎回,-2.35,-1
2022-03-07,1.3281,1.3281,-0.65,开放申购,开放赎回,-2.17,-1
2022-03-04,1.3368,1.3368,-1.62,开放申购,开放赎回,-0.96,-1
2022-03-03,1.3588,1.3588,-1.84,开放申购,开放赎回,-0.09,-1
2022-03-02,1.3843,1.3843,0.76,开放申购,开放赎回,-0.13,1
2022-03-01,1.3738,1.3738,-3.36,开放申购,开放赎回,0.77,-1
2022-02-28,1.4215,1.4215,4.07,开放申购,开放赎回,0.32,1
2022-02-25,1.3659,1.3659,2.28,开放申购,开放赎回,0.63,1
2022-02-24,1.3355,1.3355,-3.36,开放申购,开放赎回,-1.7,-1
2022-02-23,1.382,1.382,0.37,开放申购,开放赎回,0.93,1
2022-02-22,1.3769,1.3769,2.65,开放申购,开放赎回,-0.96,1
2022-02-21,1.3414,1.3414,1.45,开放申购,开放赎回,0.0,1
2022-02-18,1.3222,1.3222,0.21,开放申购,开放赎回,0.66,1
2022-02-17,1.3194,1.3194,6.09,开放申购,开放赎回,0.06,1
2022-02-16,1.2437,1.2437,0.32,开放申购,开放赎回,0.57,1
2022-02-15,1.2397,1.2397,0.62,开放申购,开放赎回,0.5,1
2022-02-14,1.2321,1.2321,-0.24,开放申购,开放赎回,-0.98,-1
2022-02-11,1.2351,1.2351,0.57,开放申购,开放赎回,-0.66,1
2022-02-10,1.2281,1.2281,-0.49,开放申购,开放赎回,0.17,-1
2022-02-09,1.2341,1.2341,3.68,开放申购,开放赎回,0.79,1
2022-02-08,1.1903,1.1903,-1.16,开放申购,开放赎回,0.67,-1
2022-02-07,1.2043,1.2043,1.84,开放申购,开放赎回,2.03,1
2022-01-28,1.1825,1.1825,-1.74,开放申购,开放赎回,-0.97,-1
2022-01-27,1.2034,1.2034,-1.22,开放申购,开放赎回,-1.78,-1
2022-01-26,1.2183,1.2183,0.20,开放申购,开放赎回,0.66,1
2022-01-25,1.2159,1.2159,-2.32,开放申购,开放赎回,-2.58,-1
2022-01-24,1.2448,1.2448,5.11,开放申购,开放赎回,0.04,1
2022-01-21,1.1843,1.1843,1.03,开放申购,开放赎回,-0.91,1
2022-01-20,1.1722,1.1722,-2.97,开放申购,开放赎回,-0.09,-1
2022-01-19,1.2081,1.2081,-3.89,开放申购,开放赎回,-0.33,-1
2022-01-18,1.257,1.257,-0.10,开放申购,开放赎回,0.8,-1
2022-01-17,1.2582,1.2582,0.83,开放申购,开放赎回,0.58,1
2022-01-14,1.2479,1.2479,0.52,开放申购,开放赎回,-0.96,1
2022-01-13,1.2415,1.2415,-3.49,开放申购,开放赎回,-1.17,-1
2022-01-12,1.2864,1.2864,0.43,开放申购,开放赎回,0.84,1
2022-01-11,1.2809,1.2809,-0.09,开放申购,开放赎回,-0.73,-1
2022-01-10,1.2821,1.2821,0.42,开放申购,开放赎回,0.39,1
2022-01-07,1.2768,1.2768,-4.19,开放申购,开放赎回,-0.18,-1
2022-01-06,1.3326,1.3326,2.41,开放申购,开放赎回,-0.25,1
2022-01-05,1.3013,1.3013,-3.20,开放申购,开放赎回,-1.02,-1
2022-01-04,1.3443,1.3443,-3.43,开放申购,开放赎回,-0.2,-1
2021-12-31,1.3921,1.3921,2.85,开放申购,开放赎回,0.57,1
2021-12-30,1.3535,1.3535,-0.80,开放申购,开放赎回,0.62,-1
2021-12-29,1.3644,1.3644,0.97,开放申购,开放赎回,-0.91,1
2021-12-28,1.3513,1.3513,4.69,开放申购,开放赎回,0.39,1
2021-12-27,1.2908,1.2908,0.47,开放申购,开放赎回,-0.06,1
2021-12-24,1.2847,1.2847,-3.83,开放申购,开放赎回,-0.69,-1
2021-12-23,1.3358,1.3358,-1.13,开放申购,开放赎回,0.57,-1
2021-12-22,1.3511,1.3511,-0.06,开放申购,开放赎回,-0.07,-1
2021-12-21,1.3519,1.3519,-0.27,开放申购,开放赎回,0.88,-1
2021-12-20,1.3556,1.3556,-1.57,开放申购,开放赎回,-1.07,-1
2021-12-17,1.3772,1.3772,-1.11,开放申购,开放赎回,-1.16,-1
2021-12-16,1.3927,1.3927,0.27,开放申购,开放赎回,0.75,1
2021-12-15,1.389,1.389,-1.91,开放申购,开放赎回,-0.38,-1
2021-12-14,1.416,1.416,-2.35,开放申购,开放赎回,-0.53,-1
2021-12-13,1.4501,1.4501,0.86,开放申购,开放赎回,0.4,1
2021-12-10,1.4378,1.4378,3.01,开放申购,开放赎回,-0.18,1
2021-12-09,1.3958,1.3958,-0.68,开放申购,开放赎回,0.98,-1
2021-12-08,1.4054,1.4054,1.72,开放申购,开放赎回,1.18,1
2021-12-07,1.3816,1.3816,-4.05,开放申购,开放赎回,0.16,-1
2021-12-06,1.4399,1.4399,-1.66,开放申购,开放赎回,-0.5,-1
2021-12-03,1.4642,1.4642,0.53,开放申购,开放赎回,0.94,1
2021-12-02,1.4565,1.4565,0.68,开放申购,开放赎回,-0.09,1
2021-12-01,1.4467,1.4467,-0.48,开放申购,开放赎回,0.36,-1
2021-11-30,1.4537,1.4537,-0.52,开放申购,开放赎回,0.03,-1
2021-11-29,1.4613,1.4613,3.42,开放申购,开放赎回,-0.04,1
2021-11-26,1.413,1.413,1.74,开放申购,开放赎回,-0.56,1
2021-11-25,1.3889,1.3889,0.91,开放申购,开放赎回,-0.24,1
2021-11-24,1.3764,1.3764,-0.93,开放申购,开放赎回,0.1,-1
2021-11-23,1.3893,1.3893,-0.96,开放申购,开放赎回,0.2,-1
2021-11-22,1.4027,1.4027,3.09,开放申购,开放赎回,0.61,1
2021-11-19,1.3607,1.3607,0.06,开放申购,开放赎回,1.13,1
2021-11-18,1.3599,1.3599,-0.94,开放申购,开放赎回,-0.47,-1
2021-11-17,1.3728,1.3728,4.01,开放申购,开放赎回,0.44,1
2021-11-16,1.3199,1.3199,-1.11,开放申购,开放赎回,-0.33,-1
2021-11-15,1.3347,1.3347,-3.39,开放申购,开放赎回,-0.16,-1
2021-11-12,1.3815,1.3815,1.83,开放申购,开放赎回,0.18,1
2021-11-11,1.3567,1.3567,-0.19,开放申购,开放赎回,1.15,-1
2021-11-10,1.3593,1.3593,-1.26,开放申购,开放赎回,-0.41,-1
2021-11-09,1.3767,1.3767,0.50,开放申购,开放赎回,0.24,1
2021-11-08,1.3698,1.3698,1.49,开放申购,开放赎回,0.2,1
2021-11-05,1.3497,1.3497,-2.97,开放申购,开放赎回,-1.0,-1
2021-11-04,1.391,1.391,2.65,开放申购,开放赎回,0.81,1
2021-11-03,1.3551,1.3551,-2.07,开放申购,开放赎回,-0.2,-1
2021-11-02,1.3837,1.3837,-1.56,开放申购,开放赎回,-1.1,-1
2021-11-01,1.4056,1.4056,-1.35,开放申购,开放赎回,-0.08,-1
2021-10-29,1.4249,1.4249,1.78,开放申购,开放赎回,0.82,1
2021-10-28,1.4,1.4,-2.37,开放申购,开放赎回,-1.23,-1
2021-10-27,1.434,1.434,2.60,开放申购,开放赎回,-0.98,1
2021-10-26,1.3977,1.3977,-0.06,开放申购,开放赎回,-0.34,-1
2021-10-25,1.3986,1.3986,2.73,开放申购,开放赎回,0.76,1
2021-10-22,1.3614,1.3614,-2.58,开放申购,开放赎回,-0.34,-1
2021-10-21,1.3974,1.3974,-0.80,开放申购,开放赎回,0.22,-1
2021-10-20,1.4087,1.4087,1.20,开放申购,开放赎回,-0.17,1
2021-10-19,1.392,1.392,1.02,开放申购,开放赎回,0.7,1
2021-10-18,1.378,1.378,3.19,开放申购,开放赎回,-0.12,1
2021-10-15,1.3354,1.3354,1.88,开放申购,开放赎回,0.4,1
2021-10-14,1.3107,1.3107,1.05,开放申购,开放赎回,-0.1,1
2021-10-13,1.2971,1.2971,1.93,开放申购,开放赎回,0.42,1
2021-10-12,1.2726,1.2726,-4.01,开放申购,开放赎回,-1.25,-1
2021-10-11,1.3258,1.3258,-1.02,开放申购,开放赎回,-0.01,-1
2021-10-08,1.3394,1.3394,-3.20,开放申购,开放赎回,0.67,-1
2021-09-30,1.3837,1.3837,0.04,开放申购,开放赎回,0.9,1
2021-09-29,1.3832,1.3832,-5.53,开放申购,开放赎回,-1.83,-1
2021-09-28,1.4641,1.4641,1.28,开放申购,开放赎回,0.54,1
2021-09-27,1.4456,1.4456,-5.48,开放申购,开放赎回,-0.84,-1
2021-09-24,1.5294,1.5294,-4.67,开放申购,开放赎回,-0.8,-1
2021-09-23,1.6043,1.6043,-2.90,开放申购,开放赎回,0.38,-1
2021-09-22,1.6522,1.6522,1.69,开放申购,开放赎回,0.4,1
2021-09-17,1.6248,1.6248,-2.03,开放申购,开放赎回,0.19,-1
2021-09-16,1.6585,1.6585,-4.85,开放申购,开放赎回,-1.34,-1
2021-09-15,1.7431,1.7431,0.77,开放申购,开放赎回,-0.17,1
2021-09-14,1.7297,1.7297,-1.45,开放申购,开放赎回,-1.42,-1
2021-09-13,1.7551,1.7551,2.03,开放申购,开放赎回,0.33,1
2021-09-10,1.7202,1.7202,1.27,开放申购,开放赎回,0.27,1
2021-09-09,1.6987,1.6987,0.41,开放申购,开放赎回,0.49,1
2021-09-08,1.6917,1.6917,-0.37,开放申购,开放赎回,-0.04,-1
2021-09-07,1.6979,1.6979,3.25,开放申购,开放赎回,1.51,1
2021-09-06,1.6444,1.6444,-0.86,开放申购,开放赎回,1.12,-1
2021-09-03,1.6586,1.6586,-5.08,开放申购,开放赎回,-0.43,-1
2021-09-02,1.7473,1.7473,5.86,开放申购,开放赎回,0.84,1
2021-09-01,1.6505,1.6505,-3.36,开放申购,开放赎回,0.65,-1
2021-08-31,1.7078,1.7078,1.56,开放申购,开放赎回,0.45,1
2021-08-30,1.6815,1.6815,2.00,开放申购,开放赎回,0.17,1
2021-08-27,1.6485,1.6485,4.30,开放申购,开放赎回,0.59,1
2021-08-26,1.5806,1.5806,-0.80,开放申购,开放赎回,-1.09,-1
2021-08-25,1.5934,1.5934,2.03,开放申购,开放赎回,0.74,1
2021-08-24,1.5617,1.5617,0.61,开放申购,开放赎回,1.07,1
2021-08-23,1.5522,1.5522,1.83,开放申购,开放赎回,1.45,1
2021-08-20,1.5243,1.5243,1.73,开放申购,开放赎回,-1.1,1
2021-08-19,1.4984,1.4984,-0.25,开放申购,开放赎回,-0.57,-1
2021-08-18,1.5021,1.5021,-0.36,开放申购,开放赎回,1.11,-1
2021-08-17,1.5076,1.5076,-2.45,开放申购,开放赎回,-2.0,-1
2021-08-16,1.5454,1.5454,-4.63,开放申购,开放赎回,0.03,-1
2021-08-13,1.6205,1.6205,-0.63,开放申购,开放赎回,-0.24,-1
2021-08-12,1.6307,1.6307,-1.04,开放申购,开放赎回,-0.22,-1
2021-08-11,1.6479,1.6479,2.62,开放申购,开放赎回,0.08,1
2021-08-10,1.6059,1.6059,-0.72,开放申购,开放赎回,1.01,-1
2021-08-09,1.6175,1.6175,-1.20,开放申购,开放赎回,1.05,-1
2021-08-06,1.6372,1.6372,3.05,开放申购,开放赎回,-0.24,1
2021-08-05,1.5887,1.5887,-0.16,开放申购,开放赎回,-0.31,-1
2021-08-04,1.5913,1.5913,7.59,开放申购,开放赎回,0.85,1
2021-08-03,1.4791,1.4791,-6.82,开放申购,开放赎回,-0.47,-1
2021-08-02,1.5873,1.5873,0.93,开放申购,开放赎回,1.97,1
2021-07-30,1.5727,1.5727,1.49,开放申购,开放赎回,-0.42,1
2021-07-29,1.5496,1.5496,2.65,开放申购,开放赎回,1.49,1
2021-07-28,1.5096,1.5096,-3.90,开放申购,开放赎回,-0.58,-1
2021-07-27,1.5708,1.5708,-4.92,开放申购,开放赎回,-2.49,-1
2021-07-26,1.652,1.652,-0.22,开放申购,开放赎回,-2.34,-1
2021-07-23,1.6556,1.6556,-1.78,开放申购,开放赎回,-0.68,-1
2021-07-22,1.6856,1.6856,2.26,开放申购,开放赎回,0.34,1
2021-07-21,1.6484,1.6484,6.54,开放申购,开放赎回,0.73,1
2021-07-20,1.5472,1.5472,1.16,开放申购,开放赎回,-0.07,1
2021-07-19,1.5294,1.5294,-1.99,开放申购,开放赎回,-0.01,-1
2021-07-16,1.5605,1.5605,-1.01,开放申购,开放赎回,-0.71,-1
2021-07-15,1.5764,1.5764,2.14,开放申购,开放赎回,1.02,1
2021-07-14,1.5433,1.5433,-4.21,开放申购,开放赎回,-1.07,-1
2021-07-13,1.6112,1.6112,0.07,开放申购,开放赎回,0.53,1
2021-07-12,1.6101,1.6101,6.28,开放申购,开放赎回,0.67,1
2021-07-09,1.5149,1.5149,2.86,开放申购,开放赎回,-0.04,1
2021-07-08,1.4728,1.4728,2.24,开放申购,开放赎回,-0.79,1
2021-07-07,1.4406,1.4406,6.70,开放申购,开放赎回,0.66,1
2021-07-06,1.3502,1.3502,-0.35,开放申购,开放赎回,-0.11,-1
2021-07-05,1.3549,1.3549,2.32,开放申购,开放赎回,0.44,1
2021-07-02,1.3242,1.3242,-0.79,开放申购,开放赎回,-1.95,-1
2021-07-01,1.3348,1.3348,-0.62,开放申购,开放赎回,-0.07,-1
2021-06-30,1.3431,1.3431,1.32,开放申购,开放赎回,0.5,1
2021-06-29,1.3256,1.3256,1.32,开放申购,开放赎回,-0.92,1
2021-06-28,1.3083,1.3083,1.06,开放申购,开放赎回,-0.03,1
2021-06-25,1.2946,1.2946,0.72,开放申购,开放赎回,1.15,1
2021-06-24,1.2853,1.2853,-1.22,开放申购,开放赎回,0.01,-1
2021-06-23,1.3012,1.3012,0.82,开放申购,开放赎回,0.25,1
2021-06-22,1.2906,1.2906,0.37,开放申购,开放赎回,0.8,1
2021-06-21,1.2858,1.2858,0.85,开放申购,开放赎回,0.12,1
2021-06-18,1.275,1.275,0.85,开放申购,开放赎回,-0.01,1
2021-06-17,1.2643,1.2643,0.92,开放申购,开放赎回,0.21,1
2021-06-16,1.2528,1.2528,-2.20,开放申购,开放赎回,-1.07,-1
2021-06-15,1.281,1.281,-0.55,开放申购,开放赎回,-0.92,-1
2021-06-11,1.2881,1.2881,-0.42,开放申购,开放赎回,-0.58,-1
2021-06-10,1.2935,1.2935,0.78,开放申购,开放赎回,0.54,1
2021-06-09,1.2835,1.2835,0.57,开放申购,开放赎回,0.32,1
2021-06-08,1.2762,1.2762,-1.08,开放申购,开放赎回,-0.54,-1
2021-06-07,1.2901,1.2901,-0.04,开放申购,开放赎回,0.21,-1
2021-06-04,1.2906,1.2906,0.62,开放申购,开放赎回,0.21,1
2021-06-03,1.2827,1.2827,-0.16,开放申购,开放赎回,-0.36,-1
2021-06-02,1.2848,1.2848,-0.63,开放申购,开放赎回,-0.76,-1
2021-06-01,1.293,1.293,0.47,开放申购,开放赎回,0.26,1
2021-05-31,1.2869,1.2869,0.55,开放申购,开放赎回,0.41,1
2021-05-28,1.2799,1.2799,-0.44,开放申购,开放赎回,-0.22,-1
2021-05-27,1.2855,1.2855,0.30,开放申购,开放赎回,0.43,1
2021-05-26,1.2816,1.2816,-0.24,开放申购,开放赎回,0.34,-1
2021-05-25,1.2847,1.2847,2.12,开放申购,开放赎回,2.4,1
2021-05-24,1.258,1.258,0.50,开放申购,开放赎回,0.31,1
2021-05-21,1.2517,1.2517,0.01,开放申购,开放赎回,-0.58,1
2021-05-20,1.2516,1.2516,0.02,开放申购,开放赎回,-0.11,1
2021-05-19,1.2513,1.2513,-0.01,开放申购,开放赎回,-0.51,-1
2021-05-18,1.2514,1.2514,-0.03,开放申购,开放赎回,0.32,-1
2021-05-17,1.2518,1.2518,0.42,开放申购,开放赎回,0.78,1
2021-05-14,1.2466,1.2466,0.14,开放申购,开放赎回,1.77,1
2021-05-13,1.2448,1.2448,-0.75,开放申购,开放赎回,-0.96,-1
2021-05-12,1.2542,1.2542,0.00,开放申购,开放赎回,0.61,-1
2021-05-11,1.2542,1.2542,0.13,开放申购,开放赎回,0.4,1
2021-05-10,1.2526,1.2526,0.01,开放申购,开放赎回,0.27,1
2021-05-07,1.2525,1.2525,-0.73,开放申购,开放赎回,-0.65,-1
2021-05-06,1.2617,1.2617,-0.36,开放申购,开放赎回,-0.16,-1
2021-04-30,1.2662,1.2662,0.36,开放申购,开放赎回,-0.81,1
2021-04-29,1.2616,1.2616,0.45,开放申购,开放赎回,0.52,1
2021-04-28,1.256,1.256,0.32,开放申购,开放赎回,0.42,1
2021-04-27,1.252,1.252,0.10,开放申购,开放赎回,0.04,1
2021-04-26,1.2507,1.2507,-0.93,开放申购,开放赎回,-0.95,-1
2021-04-23,1.2625,1.2625,0.37,开放申购,开放赎回,0.26,1
2021-04-22,1.2578,1.2578,0.01,开放申购,开放赎回,-0.23,1
2021-04-21,1.2577,1.2577,0.13,开放申购,开放赎回,0.0,1
2021-04-20,1.2561,1.2561,-0.11,开放申购,开放赎回,-0.13,-1
2021-04-19,1.2575,1.2575,1.17,开放申购,开放赎回,1.49,1
2021-04-16,1.2429,1.2429,0.02,开放申购,开放赎回,0.81,1
2021-04-15,1.2426,1.2426,-0.56,开放申购,开放赎回,-0.52,-1
2021-04-14,1.2496,1.2496,0.23,开放申购,开放赎回,0.6,1
2021-04-13,1.2467,1.2467,0.12,开放申购,开放赎回,-0.48,1
2021-04-12,1.2452,1.2452,-0.16,开放申购,开放赎回,-1.09,-1
2021-04-09,1.2472,1.2472,-0.63,开放申购,开放赎回,-0.92,-1
2021-04-08,1.2551,1.2551,0.13,开放申购,开放赎回,0.08,1
2021-04-07,1.2535,1.2535,-0.09,开放申购,开放赎回,-0.1,-1
2021-04-06,1.2546,1.2546,0.02,开放申购,开放赎回,-0.04,1
2021-04-02,1.2544,1.2544,0.04,开放申购,开放赎回,0.52,1
2021-04-01,1.2539,1.2539,0.38,开放申购,开放赎回,0.71,1
2021-03-31,1.2491,1.2491,-0.30,开放申购,开放赎回,-0.43,-1
2021-03-30,1.2528,1.2528,0.34,开放申购,开放赎回,0.62,1
2021-03-29,1.2485,1.2485,-0.10,开放申购,开放赎回,0.5,-1
2021-03-26,1.2497,1.2497,0.43,开放申购,开放赎回,1.63,1
2021-03-25,1.2444,1.2444,-0.06,开放申购,开放赎回,-0.1,-1
2021-03-24,1.2452,1.2452,-0.50,开放申购,开放赎回,-1.3,-1
2021-03-23,1.2515,1.2515,-0.12,开放申购,开放赎回,-0.93,-1
2021-03-22,1.253,1.253,0.33,开放申购,开放赎回,1.14,1
2021-03-19,1.2489,1.2489,-0.98,开放申购,开放赎回,-1.69,-1
2021-03-18,1.2612,1.2612,0.17,开放申购,开放赎回,0.51,1
2021-03-17,1.2591,1.2591,-0.42,开放申购,开放赎回,-0.03,-1
2021-03-16,1.2644,1.2644,0.36,开放申购,开放赎回,0.78,1
2021-03-15,1.2599,1.2599,-0.41,开放申购,开放赎回,-0.96,-1
2021-03-12,1.2651,1.2651,0.08,开放申购,开放赎回,0.47,1
2021-03-11,1.2641,1.2641,0.00,开放申购,开放赎回,2.36,-1
2021-03-10,1.2641,1.2641,0.02,开放申购,开放赎回,-0.05,1
2021-03-09,1.2639,1.2639,0.02,开放申购,开放赎回,-1.82,1
2021-03-08,1.2637,1.2637,-0.04,开放申购,开放赎回,-2.3,-1
2021-03-05,1.2642,1.2642,-1.29,开放申购,开放赎回,-0.04,-1
2021-03-04,1.2807,1.2807,-4.20,开放申购,开放赎回,-2.05,-1
2021-03-03,1.3368,1.3368,0.86,开放申购,开放赎回,1.95,1
2021-03-02,1.3254,1.3254,-1.71,开放申购,开放赎回,-1.21,-1
2021-03-01,1.3484,1.3484,2.48,开放申购,开放赎回,1.21,1
2021-02-26,1.3158,1.3158,-2.92,开放申购,开放赎回,-2.12,-1
2021-02-25,1.3554,1.3554,-0.49,开放申购,开放赎回,0.59,-1
2021-02-24,1.3621,1.3621,-4.71,开放申购,开放赎回,-1.99,-1
2021-02-23,1.4295,1.4295,-0.63,开放申购,开放赎回,-0.17,-1
2021-02-22,1.4385,1.4385,-5.59,开放申购,开放赎回,-1.45,-1
2021-02-19,1.5237,1.5237,-1.16,开放申购,开放赎回,0.57,-1
2021-02-18,1.5416,1.5416,-1.25,开放申购,开放赎回,0.55,-1
2021-02-10,1.5611,1.5611,2.50,开放申购,开放赎回,1.43,1
2021-02-09,1.523,1.523,2.98,开放申购,开放赎回,2.01,1
2021-02-08,1.4789,1.4789,2.53,开放申购,开放赎回,1.03,1
2021-02-05,1.4424,1.4424,-0.54,开放申购,开放赎回,-0.16,-1
2021-02-04,1.4503,1.4503,-0.12,开放申购,开放赎回,-0.44,-1
2021-02-03,1.4521,1.4521,0.39,开放申购,开放赎回,-0.46,1
2021-02-02,1.4464,1.4464,3.34,开放申购,开放赎回,0.81,1
2021-02-01,1.3996,1.3996,-0.26,开放申购,开放赎回,0.64,-1
2021-01-29,1.4032,1.4032,-1.81,开放申购,开放赎回,-0.63,-1
2021-01-28,1.4291,1.4291,-3.80,开放申购,开放赎回,-1.91,-1
2021-01-27,1.4855,1.4855,1.12,开放申购,开放赎回,0.11,1
2021-01-26,1.469,1.469,-2.62,开放申购,开放赎回,-1.51,-1
2021-01-25,1.5085,1.5085,2.11,开放申购,开放赎回,0.48,1
2021-01-22,1.4774,1.4774,2.29,开放申购,开放赎回,-0.4,1
2021-01-21,1.4443,1.4443,2.45,开放申购,开放赎回,1.07,1
2021-01-20,1.4098,1.4098,2.40,开放申购,开放赎回,0.47,1
2021-01-19,1.3768,1.3768,-2.59,开放申购,开放赎回,-0.83,-1
2021-01-18,1.4134,1.4134,1.13,开放申购,开放赎回,0.84,1
2021-01-15,1.3976,1.3976,1.05,开放申购,开放赎回,0.01,1
2021-01-14,1.3831,1.3831,-3.33,开放申购,开放赎回,-0.91,-1
2021-01-13,1.4307,1.4307,-2.10,开放申购,开放赎回,-0.27,-1
2021-01-12,1.4614,1.4614,4.08,开放申购,开放赎回,2.18,1
2021-01-11,1.4041,1.4041,-1.94,开放申购,开放赎回,-1.08,-1
2021-01-08,1.4319,1.4319,-2.09,开放申购,开放赎回,-0.17,-1
2021-01-07,1.4624,1.4624,2.83,开放申购,开放赎回,0.71,1
2021-01-06,1.4222,1.4222,0.40,开放申购,开放赎回,0.63,1
2021-01-05,1.4166,1.4166,1.66,开放申购,开放赎回,0.73,1
2021-01-04,1.3934,1.3934,5.11,开放申购,开放赎回,0.86,1
2020-12-31,1.3256,1.3256,4.59,开放申购,开放赎回,1.72,1
2020-12-30,1.2674,1.2674,5.93,开放申购,开放赎回,1.05,1
2020-12-29,1.1965,1.1965,-3.53,开放申购,开放赎回,-0.54,-1
2020-12-28,1.2403,1.2403,0.36,开放申购,开放赎回,0.02,1
2020-12-25,1.2358,1.2358,2.67,开放申购,开放赎回,0.99,1
2020-12-24,1.2037,1.2037,0.38,开放申购,开放赎回,-0.57,1
2020-12-23,1.1992,1.1992,3.30,开放申购,开放赎回,0.76,1
2020-12-22,1.1609,1.1609,-1.15,开放申购,开放赎回,-1.86,-1
2020-12-21,1.1744,1.1744,4.29,开放申购,开放赎回,0.76,1
2020-12-18,1.1261,1.1261,0.35,开放申购,开放赎回,-0.29,1
2020-12-17,1.1222,1.1222,0.20,开放申购,开放赎回,1.13,1
2020-12-16,1.12,1.12,-0.07,开放申购,开放赎回,-0.01,-1
2020-12-15,1.1208,1.1208,0.13,开放申购,开放赎回,-0.06,1
2020-12-14,1.1193,1.1193,2.40,开放申购,开放赎回,0.66,1
2020-12-11,1.0931,1.0931,-1.23,开放申购,开放赎回,-0.77,-1
2020-12-10,1.1067,1.1067,0.65,开放申购,开放赎回,0.04,1
2020-12-09,1.0996,1.0996,-2.16,开放申购,开放赎回,-1.12,-1
2020-12-08,1.1239,1.1239,0.04,开放申购,开放赎回,-0.19,1
2020-12-07,1.1234,1.1234,0.97,开放申购,开放赎回,-0.81,1
2020-12-04,1.1126,1.1126,1.52,开放申购,开放赎回,0.07,1
2020-12-03,1.0959,1.0959,-0.87,开放申购,开放赎回,-0.21,-1
2020-12-02,1.1055,1.1055,-0.58,开放申购,开放赎回,-0.07,-1
2020-12-01,1.112,1.112,2.16,开放申购,开放赎回,1.77,1
2020-11-30,1.0885,1.0885,1.02,开放申购,开放赎回,-0.49,1
2020-11-27,1.0775,1.0775,0.29,开放申购,开放赎回,1.14,1
2020-11-26,1.0744,1.0744,-0.32,开放申购,开放赎回,0.22,-1
2020-11-25,1.0778,1.0778,-2.58,开放申购,开放赎回,-1.19,-1
2020-11-24,1.1063,1.1063,-0.10,开放申购,开放赎回,-0.34,-1
2020-11-23,1.1074,1.1074,0.38,开放申购,开放赎回,1.09,1
2020-11-20,1.1032,1.1032,0.65,开放申购,开放赎回,0.44,1
2020-11-19,1.0961,1.0961,1.22,开放申购,开放赎回,0.47,1
2020-11-18,1.0829,1.0829,-0.92,开放申购,开放赎回,0.22,-1
2020-11-17,1.093,1.093,-1.45,开放申购,开放赎回,-0.21,-1
2020-11-16,1.1091,1.1091,0.02,开放申购,开放赎回,1.11,1
2020-11-13,1.1089,1.1089,-0.77,开放申购,开放赎回,-0.86,-1
2020-11-12,1.1175,1.1175,0.62,开放申购,开放赎回,-0.11,1
2020-11-11,1.1106,1.1106,-1.71,开放申购,开放赎回,-0.53,-1
2020-11-10,1.1299,1.1299,-0.86,开放申购,开放赎回,-0.4,-1
2020-11-09,1.1397,1.1397,1.36,开放申购,开放赎回,1.86,1
2020-11-06,1.1244,1.1244,-0.48,开放申购,开放赎回,-0.24,-1
2020-11-05,1.1298,1.1298,1.32,开放申购,开放赎回,1.3,1
2020-11-04,1.1151,1.1151,0.13,开放申购,开放赎回,0.19,1
2020-11-03,1.1136,1.1136,0.54,开放申购,开放赎回,1.42,1
2020-11-02,1.1076,1.1076,1.00,开放申购,开放赎回,0.02,1
2020-10-30,1.0966,1.0966,-1.96,开放申购,开放赎回,-1.47,-1
2020-10-29,1.1185,1.1185,0.75,开放申购,开放赎回,0.11,1
2020-10-28,1.1102,1.1102,0.68,开放申购,开放赎回,0.46,1
2020-10-27,1.1027,1.1027,0.88,开放申购,开放赎回,0.1,1
2020-10-26,1.0931,1.0931,-0.08,开放申购,开放赎回,-0.82,-1
2020-10-23,1.094,1.094,-1.72,开放申购,开放赎回,-1.04,-1
2020-10-22,1.1131,1.1131,-0.25,开放申购,开放赎回,-0.38,-1
2020-10-21,1.1159,1.1159,-0.76,开放申购,开放赎回,-0.09,-1
2020-10-20,1.1245,1.1245,1.31,开放申购,开放赎回,0.47,1
2020-10-19,1.11,1.11,-1.00,开放申购,开放赎回,-0.71,-1
2020-10-16,1.1212,1.1212,-0.14,开放申购,开放赎回,0.13,-1
2020-10-15,1.1228,1.1228,-0.43,开放申购,开放赎回,-0.26,-1
2020-10-14,1.1276,1.1276,-0.11,开放申购,开放赎回,-0.56,-1
2020-10-13,1.1288,1.1288,0.11,开放申购,开放赎回,0.04,1
2020-10-12,1.1276,1.1276,2.16,开放申购,开放赎回,2.64,1
2020-10-09,1.1038,1.1038,3.03,开放申购,开放赎回,1.68,1
2020-09-30,1.0713,1.0713,-0.11,开放申购,开放赎回,-0.2,-1
2020-09-29,1.0725,1.0725,0.31,开放申购,开放赎回,0.21,1
2020-09-28,1.0692,1.0692,0.22,开放申购,开放赎回,-0.06,1
2020-09-25,1.0668,1.0668,0.28,开放申购,开放赎回,-0.12,1
2020-09-24,1.0638,1.0638,-1.59,开放申购,开放赎回,-1.72,-1
2020-09-23,1.081,1.081,0.14,开放申购,开放赎回,0.17,1
2020-09-22,1.0795,1.0795,-0.64,开放申购,开放赎回,-1.29,-1
2020-09-21,1.0864,1.0864,-0.82,开放申购,开放赎回,-0.63,-1
2020-09-18,1.0954,1.0954,1.94,开放申购,开放赎回,2.07,1
2020-09-17,1.0746,1.0746,-0.07,开放申购,开放赎回,-0.41,-1
2020-09-16,1.0753,1.0753,-0.90,开放申购,开放赎回,-0.36,-1
2020-09-15,1.0851,1.0851,0.81,开放申购,开放赎回,0.51,1
2020-09-14,1.0764,1.0764,1.08,开放申购,开放赎回,0.57,1
2020-09-11,1.0649,1.0649,1.67,开放申购,开放赎回,0.79,1
2020-09-10,1.0474,1.0474,-0.42,开放申购,开放赎回,-0.61,-1
2020-09-09,1.0518,1.0518,-2.12,开放申购,开放赎回,-1.86,-1
2020-09-08,1.0746,1.0746,-0.30,开放申购,开放赎回,0.72,-1
2020-09-07,1.0778,1.0778,-2.56,开放申购,开放赎回,-1.87,-1
2020-09-04,1.1061,1.1061,-1.24,开放申购,开放赎回,-0.87,-1
2020-09-03,1.12,1.12,-1.56,开放申购,开放赎回,-0.58,-1
2020-09-02,1.1378,1.1378,0.49,开放申购,开放赎回,-0.17,1
2020-09-01,1.1323,1.1323,1.05,开放申购,开放赎回,0.44,1
2020-08-31,1.1205,1.1205,-0.31,开放申购,开放赎回,-0.24,-1
2020-08-28,1.124,1.124,2.11,开放申购,开放赎回,1.6,1
2020-08-27,1.1008,1.1008,1.14,开放申购,开放赎回,0.61,1
2020-08-26,1.0884,1.0884,-1.97,开放申购,开放赎回,-1.3,-1
2020-08-25,1.1103,1.1103,-0.54,开放申购,开放赎回,-0.36,-1
2020-08-24,1.1163,1.1163,0.66,开放申购,开放赎回,0.15,1
2020-08-21,1.109,1.109,1.17,开放申购,开放赎回,0.5,1
2020-08-20,1.0962,1.0962,-1.48,开放申购,开放赎回,-1.3,-1
2020-08-19,1.1127,1.1127,-2.48,开放申购,开放赎回,-1.24,-1
2020-08-18,1.141,1.141,0.64,开放申购,开放赎回,0.36,1
2020-08-17,1.1338,1.1338,1.39,开放申购,开放赎回,2.34,1
2020-08-14,1.1183,1.1183,1.17,开放申购,开放赎回,1.19,1
2020-08-13,1.1054,1.1054,-0.16,开放申购,开放赎回,0.04,-1
2020-08-12,1.1072,1.1072,-1.56,开放申购,开放赎回,-0.63,-1
2020-08-11,1.1247,1.1247,-1.97,开放申购,开放赎回,-1.15,-1
2020-08-10,1.1473,1.1473,-1.03,开放申购,开放赎回,0.75,-1
2020-08-07,1.1592,1.1592,-1.91,开放申购,开放赎回,-0.96,-1
2020-08-06,1.1818,1.1818,-0.24,开放申购,开放赎回,0.26,-1
2020-08-05,1.1846,1.1846,1.36,开放申购,开放赎回,0.17,1
2020-08-04,1.1687,1.1687,-1.08,开放申购,开放赎回,0.11,-1
2020-08-03,1.1815,1.1815,2.04,开放申购,开放赎回,1.75,1
2020-07-31,1.1579,1.1579,1.89,开放申购,开放赎回,0.71,1
2020-07-30,1.1364,1.1364,-0.25,开放申购,开放赎回,-0.23,-1
2020-07-29,1.1393,1.1393,3.16,开放申购,开放赎回,2.06,1
2020-07-28,1.1044,1.1044,1.04,开放申购,开放赎回,0.71,1
2020-07-27,1.093,1.093,-0.34,开放申购,开放赎回,0.26,-1
2020-07-24,1.0967,1.0967,-5.96,开放申购,开放赎回,-3.86,-1
2020-07-23,1.1662,1.1662,0.53,开放申购,开放赎回,-0.24,1
2020-07-22,1.16,1.16,1.20,开放申购,开放赎回,0.37,1
2020-07-21,1.1463,1.1463,1.21,开放申购,开放赎回,0.2,1
2020-07-20,1.1326,1.1326,0.97,开放申购,开放赎回,3.11,1
2020-07-17,1.1217,1.1217,0.25,开放申购,开放赎回,0.13,1
2020-07-16,1.1189,1.1189,-4.95,开放申购,开放赎回,-4.5,-1
2020-07-15,1.1772,1.1772,-1.85,开放申购,开放赎回,-1.56,-1
2020-07-14,1.1994,1.1994,-1.29,开放申购,开放赎回,-0.83,-1
2020-07-13,1.2151,1.2151,3.25,开放申购,开放赎回,1.77,1
2020-07-10,1.1768,1.1768,-1.12,开放申购,开放赎回,-1.95,-1
2020-07-09,1.1901,1.1901,1.72,开放申购,开放赎回,1.39,1
2020-07-08,1.17,1.17,1.46,开放申购,开放赎回,1.74,1
2020-07-07,1.1532,1.1532,1.99,开放申购,开放赎回,0.37,1
2020-07-06,1.1307,1.1307,1.50,开放申购,开放赎回,5.71,1
2020-07-03,1.114,1.114,0.44,开放申购,开放赎回,2.01,1
2020-07-02,1.1091,1.1091,0.24,开放申购,开放赎回,2.13,1
2020-07-01,1.1064,1.1064,-0.46,开放申购,开放赎回,1.38,-1
2020-06-30,1.1115,1.1115,1.67,开放申购,开放赎回,0.78,1
2020-06-29,1.0932,1.0932,-0.18,开放申购,开放赎回,-0.61,-1
2020-06-24,1.0952,1.0952,0.21,开放申购,开放赎回,0.3,1
2020-06-23,1.0929,1.0929,1.68,开放申购,开放赎回,0.18,1
2020-06-22,1.0748,1.0748,0.35,开放申购,开放赎回,-0.08,1
2020-06-19,1.071,1.071,1.46,开放申购,开放赎回,0.96,1
2020-06-18,1.0556,1.0556,0.33,开放申购,开放赎回,0.12,1
2020-06-17,1.0521,1.0521,0.33,开放申购,开放赎回,0.14,1
2020-06-16,1.0486,1.0486,1.65,开放申购,开放赎回,1.44,1
2020-06-15,1.0316,1.0316,-0.96,开放申购,开放赎回,-1.02,-1
2020-06-12,1.0416,1.0416,0.38,开放申购,开放赎回,-0.04,1
2020-06-11,1.0377,1.0377,-0.15,开放申购,开放赎回,-0.78,-1
2020-06-10,1.0393,1.0393,0.44,开放申购,开放赎回,-0.42,1
2020-06-09,1.0347,1.0347,0.35,开放申购,开放赎回,0.62,1
2020-06-08,1.0311,1.0311,-0.92,开放申购,开放赎回,0.24,-1
2020-06-05,1.0407,1.0407,-0.30,开放申购,开放赎回,0.4,-1
2020-06-04,1.0438,1.0438,-0.11,开放申购,开放赎回,-0.14,-1
2020-06-03,1.0449,1.0449,-0.04,开放申购,开放赎回,0.07,-1
2020-06-02,1.0453,1.0453,-0.47,开放申购,开放赎回,0.2,-1
2020-06-01,1.0502,1.0502,2.22,开放申购,开放赎回,2.21,1
2020-05-29,1.0274,1.0274,0.40,开放申购,开放赎回,0.22,1
2020-05-28,1.0233,1.0233,-0.87,开放申购,开放赎回,0.33,-1
2020-05-27,1.0323,1.0323,-0.93,开放申购,开放赎回,-0.34,-1
2020-05-26,1.042,1.042,2.14,开放申购,开放赎回,1.01,1
2020-05-25,1.0202,1.0202,-0.15,开放申购,开放赎回,0.15,-1
2020-05-22,1.0217,1.0217,-2.52,开放申购,开放赎回,-1.89,-1
2020-05-21,1.0481,1.0481,-1.67,开放申购,开放赎回,-0.55,-1
2020-05-20,1.0659,1.0659,-1.09,开放申购,开放赎回,-0.51,-1
2020-05-19,1.0777,1.0777,2.40,开放申购,开放赎回,0.81,1
2020-05-18,1.0524,1.0524,-1.27,开放申购,开放赎回,0.24,-1
2020-05-15,1.0659,1.0659,0.66,开放申购,开放赎回,-0.07,1
2020-05-14,1.0589,1.0589,-1.22,开放申购,开放赎回,-0.96,-1
2020-05-13,1.072,1.072,0.32,开放申购,开放赎回,0.22,1
2020-05-12,1.0686,1.0686,0.07,开放申购,开放赎回,-0.11,1
2020-05-11,1.0678,1.0678,-0.45,开放申购,开放赎回,-0.02,-1
2020-05-08,1.0726,1.0726,1.11,开放申购,开放赎回,0.83,1
2020-05-07,1.0608,1.0608,0.18,开放申购,开放赎回,-0.23,1
2020-05-06,1.0589,1.0589,1.81,开放申购,开放赎回,0.63,1
2020-04-30,1.0401,1.0401,1.88,开放申购,开放赎回,1.33,1
2020-04-29,1.0209,1.0209,-1.00,开放申购,开放赎回,0.44,-1
2020-04-28,1.0312,1.0312,0.42,开放申购,开放赎回,-0.19,1
2020-04-27,1.0269,1.0269,0.40,开放申购,开放赎回,0.25,1
2020-04-24,1.0228,1.0228,-0.80,开放申购,开放赎回,-1.06,-1
2020-04-23,1.031,1.031,-0.94,开放申购,开放赎回,-0.19,-1
2020-04-22,1.0408,1.0408,0.67,开放申购,开放赎回,0.6,1
2020-04-21,1.0339,1.0339,-0.55,开放申购,开放赎回,-0.9,-1
2020-04-20,1.0396,1.0396,0.93,开放申购,开放赎回,0.5,1
2020-04-17,1.03,1.03,0.60,开放申购,开放赎回,0.66,1
2020-04-16,1.0239,1.0239,-0.13,开放申购,开放赎回,0.31,-1
2020-04-15,1.0252,1.0252,-0.42,开放申购,开放赎回,-0.57,-1
2020-04-14,1.0295,1.0295,1.23,开放申购,开放赎回,1.59,1
2020-04-13,1.017,1.017,0.26,开放申购,开放赎回,-0.49,1
2020-04-10,1.0144,1.0144,-0.90,开放申购,开放赎回,-1.04,-1
2020-04-09,1.0236,1.0236,0.71,开放申购,开放赎回,0.37,1
2020-04-08,1.0164,1.0164,-0.29,开放申购,开放赎回,-0.19,-1
2020-04-07,1.0194,1.0194,1.76,开放申购,开放赎回,2.05,1
2020-04-03,1.0018,1.0018,0.15,开放申购,开放赎回,-0.6,1
2020-04-02,1.0003,1.0003,0.77,开放申购,开放赎回,1.69,1
2020-04-01,0.9927,0.9927,-1.19,开放申购,开放赎回,-0.57,-1
2020-03-31,1.0047,1.0047,0.63,开放申购,开放赎回,0.11,1
2020-03-30,0.9984,0.9984,-0.64,开放申购,开放赎回,-0.9,-1
2020-03-27,1.0048,1.0048,-0.51,开放申购,开放赎回,0.26,-1
2020-03-26,1.01,1.01,-0.78,开放申购,开放赎回,-0.6,-1
2020-03-25,1.0179,1.0179,0.04,开放申购,开放赎回,2.17,1
2020-03-24,1.0175,1.0175,0.21,开放申购,开放赎回,2.34,1
2020-03-23,1.0154,1.0154,-2.40,开放申购,开放赎回,-3.11,-1
2020-03-20,1.0404,1.0404,0.98,开放申购,开放赎回,1.61,1
2020-03-19,1.0303,1.0303,0.96,开放申购,开放赎回,-0.98,1
2020-03-18,1.0205,1.0205,-2.23,开放申购,开放赎回,-1.83,-1
2020-03-17,1.0438,1.0438,0.07,开放申购,开放赎回,-0.34,1
2020-03-16,1.0431,1.0431,-2.85,开放申购,开放赎回,-3.4,-1
2020-03-13,1.0737,1.0737,-0.63,开放申购,开放赎回,-1.23,-1
2020-03-12,1.0805,1.0805,-1.50,开放申购,开放赎回,-1.52,-1
2020-03-11,1.0969,1.0969,-1.63,开放申购,开放赎回,-0.94,-1
2020-03-10,1.1151,1.1151,2.13,开放申购,开放赎回,1.82,1
2020-03-09,1.0918,1.0918,-4.08,开放申购,开放赎回,-3.01,-1
2020-03-06,1.1382,1.1382,-1.82,开放申购,开放赎回,-1.21,-1
2020-03-05,1.1593,1.1593,1.55,开放申购,开放赎回,1.99,1
2020-03-04,1.1416,1.1416,-0.55,开放申购,开放赎回,0.63,-1
2020-03-03,1.1479,1.1479,1.22,开放申购,开放赎回,0.74,1
2020-03-02,1.1341,1.1341,4.31,开放申购,开放赎回,3.15,1
2020-02-28,1.0872,1.0872,-1.85,开放申购,开放赎回,-3.71,-1
2020-02-27,1.1077,1.1077,-0.09,开放申购,开放赎回,0.11,-1
2020-02-26,1.1087,1.1087,-6.23,开放申购,开放赎回,-0.83,-1
2020-02-25,1.1824,1.1824,1.99,开放申购,开放赎回,-0.6,1
2020-02-24,1.1593,1.1593,1.41,开放申购,开放赎回,-0.28,1
2020-02-21,1.1432,1.1432,1.67,开放申购,开放赎回,0.31,1
2020-02-20,1.1244,1.1244,2.27,开放申购,开放赎回,1.84,1
2020-02-19,1.0994,1.0994,-1.99,开放申购,开放赎回,-0.32,-1
2020-02-18,1.1217,1.1217,0.79,开放申购,开放赎回,0.05,1
2020-02-17,1.1129,1.1129,2.87,开放申购,开放赎回,2.28,1
2020-02-14,1.0819,1.0819,-1.64,开放申购,开放赎回,0.38,-1
2020-02-13,1.0999,1.0999,-0.31,开放申购,开放赎回,-0.71,-1
2020-02-12,1.1033,1.1033,2.85,开放申购,开放赎回,0.87,1
2020-02-11,1.0727,1.0727,-0.03,开放申购,开放赎回,0.39,-1
2020-02-10,1.073,1.073,-0.61,开放申购,开放赎回,0.51,-1
2020-02-07,1.0796,1.0796,2.47,开放申购,开放赎回,0.33,1
2020-02-06,1.0536,1.0536,3.57,开放申购,开放赎回,1.72,1
2020-02-05,1.0173,1.0173,0.66,开放申购,开放赎回,1.25,1
2020-02-04,1.0106,1.0106,5.11,开放申购,开放赎回,1.34,1
2020-02-03,0.9615,0.9615,-7.43,开放申购,开放赎回,-7.72,-1
2020-01-23,1.0387,1.0387,-3.66,开放申购,开放赎回,-2.75,-1
2020-01-22,1.0782,1.0782,2.30,开放申购,开放赎回,0.28,1
2020-01-21,1.054,1.054,-1.15,开放申购,开放赎回,-1.41,-1
2020-01-20,1.0663,1.0663,1.48,开放申购,开放赎回,0.66,1
2020-01-17,1.0508,1.0508,0.76,开放申购,开放赎回,0.05,1
2020-01-16,1.0429,1.0429,0.17,开放申购,开放赎回,-0.52,1
2020-01-15,1.0411,1.0411,0.44,开放申购,开放赎回,-0.54,1
2020-01-14,1.0365,1.0365,-0.57,开放申购,开放赎回,-0.28,-1
2020-01-13,1.0424,1.0424,0.84,开放申购,开放赎回,0.75,1
2020-01-10,1.0337,1.0337,-0.33,开放申购,开放赎回,-0.08,-1
2020-01-09,1.0371,1.0371,1.07,开放申购,开放赎回,0.91,1
2020-01-08,1.0261,1.0261,-0.52,开放申购,开放赎回,-1.22,-1
2020-01-07,1.0315,1.0315,0.13,开放申购,开放赎回,0.69,1
2020-01-06,1.0302,1.0302,-0.14,开放申购,开放赎回,-0.01,-1
2020-01-03,1.0316,1.0316,0.16,开放申购,开放赎回,-0.05,1
2020-01-02,1.03,1.03,0.54,开放申购,开放赎回,1.15,1
2019-12-31,1.0245,1.0245,0.27,开放申购,开放赎回,0.33,1
2019-12-30,1.0217,1.0217,0.47,开放申购,开放赎回,1.16,1
2019-12-27,1.0169,1.0169,-0.36,开放申购,开放赎回,-0.08,-1
2019-12-26,1.0206,1.0206,0.64,开放申购,开放赎回,0.85,1
2019-12-25,1.0141,1.0141,0.23,开放申购,开放赎回,-0.03,1
2019-12-24,1.0118,1.0118,0.44,开放申购,开放赎回,0.67,1
2019-12-23,1.0074,1.0074,-0.49,开放申购,开放赎回,-1.4,-1
2019-12-20,1.0124,1.0124,-0.12,开放申购,开放赎回,-0.4,-1
